{
    "MAE": 16617.298372156874,
    "RMSE": 22876.573172817378
}